{
  "studyId": "atlas-phase9-real-bridge-atlas-20260315144506",
  "levels": [
    {
      "levelId": "bg-variant-95ee11778cc7ac01",
      "solverConverged": true,
      "quantities": {
        "residual-norm": 0,
        "stationarity-norm": 0,
        "objective-value": 0,
        "gauge-violation": 0,
        "solver-converged": 1,
        "solver-iterations": 0
      }
    },
    {
      "levelId": "bg-variant-d840fea6e6d36748",
      "solverConverged": true,
      "quantities": {
        "residual-norm": 3.334643724900306E-10,
        "stationarity-norm": 4.998941568171193E-10,
        "objective-value": 5.559924386008495E-20,
        "gauge-violation": 0.13808600099514023,
        "solver-converged": 1,
        "solver-iterations": 2
      }
    },
    {
      "levelId": "bg-variant-d84f5d66fd98b842",
      "solverConverged": true,
      "quantities": {
        "residual-norm": 3.6467128483629812E-09,
        "stationarity-norm": 4.07650940253853E-09,
        "objective-value": 6.6492572992078246E-18,
        "gauge-violation": 0.2135837059280268,
        "solver-converged": 1,
        "solver-iterations": 2
      }
    },
    {
      "levelId": "bg-variant-53b598740d9569b4",
      "solverConverged": true,
      "quantities": {
        "residual-norm": 4.7667142036368655E-09,
        "stationarity-norm": 4.941414094312719E-09,
        "objective-value": 1.1360782149576719E-17,
        "gauge-violation": 0.1961852924797464,
        "solver-converged": 1,
        "solver-iterations": 2
      }
    }
  ]
}