{
  "fermionBackgroundId": "bg-phase12-bg-a-20260315212202",
  "selectedSourceModeCount": 12,
  "expectedSelectedSourceModeCount": 12,
  "variationIds": [
    "variation-bg-phase12-bg-a-20260315212202-candidate-0",
    "variation-bg-phase12-bg-a-20260315212202-candidate-1",
    "variation-bg-phase12-bg-a-20260315212202-candidate-10",
    "variation-bg-phase12-bg-a-20260315212202-candidate-11",
    "variation-bg-phase12-bg-a-20260315212202-candidate-2",
    "variation-bg-phase12-bg-a-20260315212202-candidate-3",
    "variation-bg-phase12-bg-a-20260315212202-candidate-4",
    "variation-bg-phase12-bg-a-20260315212202-candidate-5",
    "variation-bg-phase12-bg-a-20260315212202-candidate-6",
    "variation-bg-phase12-bg-a-20260315212202-candidate-7",
    "variation-bg-phase12-bg-a-20260315212202-candidate-8",
    "variation-bg-phase12-bg-a-20260315212202-candidate-9"
  ],
  "bosonModeIds": [
    "bg-phase12-bg-a-20260315212202-mode-0",
    "bg-phase12-bg-a-20260315212202-mode-1",
    "bg-phase12-bg-a-20260315212202-mode-10",
    "bg-phase12-bg-a-20260315212202-mode-11",
    "bg-phase12-bg-a-20260315212202-mode-2",
    "bg-phase12-bg-a-20260315212202-mode-3",
    "bg-phase12-bg-a-20260315212202-mode-4",
    "bg-phase12-bg-a-20260315212202-mode-5",
    "bg-phase12-bg-a-20260315212202-mode-6",
    "bg-phase12-bg-a-20260315212202-mode-7",
    "bg-phase12-bg-a-20260315212202-mode-8",
    "bg-phase12-bg-a-20260315212202-mode-9"
  ],
  "connectionVectorLength": 156,
  "expectedConnectionVectorLength": 156,
  "sourceModeGram": [
    [
      1.0000000000000004,
      5.967448592591608E-16,
      -1.3891326339934361E-16,
      1.407055774827709E-15,
      -2.4758881429255077E-15,
      5.571180139792256E-16,
      2.134143572200904E-15,
      4.744471980756975E-16,
      -1.6375205052630492E-15,
      2.028244972067337E-15,
      -2.01735647050083E-15,
      2.2085876925388667E-15
    ],
    [
      5.967448592591608E-16,
      1.0000000000000002,
      -1.5091961872796918E-16,
      5.082769669369037E-16,
      -1.8023776760423136E-15,
      -6.383831295477391E-16,
      -8.708311851970271E-16,
      -1.7954387478445114E-15,
      4.328131945075062E-16,
      -7.04304883136386E-16,
      5.967432499945058E-16,
      1.3513445687348958E-15
    ],
    [
      -1.3891326339934361E-16,
      -1.5091961872796918E-16,
      1,
      2.4321054526653383E-16,
      3.3112034962772763E-15,
      -1.1894960646041365E-17,
      -3.3341393717627344E-15,
      -8.030072353786944E-16,
      3.2996649217101316E-16,
      -1.3715866574114207E-15,
      7.006750320291259E-17,
      7.34479428518464E-16
    ],
    [
      1.407055774827709E-15,
      5.082769669369037E-16,
      2.4321054526653383E-16,
      1.0000000000000004,
      1.7333239759926081E-15,
      -9.507549932677027E-16,
      -3.035785286259274E-16,
      -1.1564467578903775E-16,
      6.395078483407205E-16,
      -5.374901145504891E-16,
      3.412877653509214E-16,
      1.2908416893589568E-15
    ],
    [
      -2.4758881429255077E-15,
      -1.8023776760423136E-15,
      3.3112034962772763E-15,
      1.7333239759926081E-15,
      1.0000000000000002,
      -1.288219192216799E-15,
      2.156911791994454E-15,
      2.7254687527398065E-15,
      -2.7439108423816605E-15,
      4.576899877229909E-16,
      -2.5249528460809252E-15,
      -1.6303987282464688E-15
    ],
    [
      5.571180139792256E-16,
      -6.383831295477391E-16,
      -1.1894960646041365E-17,
      -9.507549932677027E-16,
      -1.288219192216799E-15,
      0.9999999999999997,
      -6.19293138097185E-16,
      5.922893952940266E-17,
      -2.7595799781983417E-15,
      -1.6514637349244773E-17,
      -6.965293353885408E-16,
      -1.1476126315866989E-15
    ],
    [
      2.134143572200904E-15,
      -8.708311851970271E-16,
      -3.3341393717627344E-15,
      -3.035785286259274E-16,
      2.156911791994454E-15,
      -6.19293138097185E-16,
      0.9999999999999998,
      -1.2221127208788938E-15,
      -1.764050943621225E-15,
      -1.0364926812500133E-15,
      3.2582454135882727E-15,
      4.271788814440575E-16
    ],
    [
      4.744471980756975E-16,
      -1.7954387478445114E-15,
      -8.030072353786944E-16,
      -1.1564467578903775E-16,
      2.7254687527398065E-15,
      5.922893952940266E-17,
      -1.2221127208788938E-15,
      1.0000000000000002,
      1.1803311847880526E-15,
      1.0919824914972333E-15,
      -9.291482014693659E-16,
      -4.038636537530184E-15
    ],
    [
      -1.6375205052630492E-15,
      4.328131945075062E-16,
      3.2996649217101316E-16,
      6.395078483407205E-16,
      -2.7439108423816605E-15,
      -2.7595799781983417E-15,
      -1.764050943621225E-15,
      1.1803311847880526E-15,
      1.0000000000000009,
      8.890096688167712E-16,
      3.9950236847725006E-16,
      6.60636275052339E-16
    ],
    [
      2.028244972067337E-15,
      -7.04304883136386E-16,
      -1.3715866574114207E-15,
      -5.374901145504891E-16,
      4.576899877229909E-16,
      -1.6514637349244773E-17,
      -1.0364926812500133E-15,
      1.0919824914972333E-15,
      8.890096688167712E-16,
      1.000000000000001,
      3.4314540041959455E-17,
      1.4603031036970843E-15
    ],
    [
      -2.01735647050083E-15,
      5.967432499945058E-16,
      7.006750320291259E-17,
      3.412877653509214E-16,
      -2.5249528460809252E-15,
      -6.965293353885408E-16,
      3.2582454135882727E-15,
      -9.291482014693659E-16,
      3.9950236847725006E-16,
      3.4314540041959455E-17,
      0.9999999999999993,
      -3.85493754404219E-15
    ],
    [
      2.2085876925388667E-15,
      1.3513445687348958E-15,
      7.34479428518464E-16,
      1.2908416893589568E-15,
      -1.6303987282464688E-15,
      -1.1476126315866989E-15,
      4.271788814440575E-16,
      -4.038636537530184E-15,
      6.60636275052339E-16,
      1.4603031036970843E-15,
      -3.85493754404219E-15,
      1
    ]
  ],
  "maxSourceModeGramDiagonalResidual": 1.1102230246251565E-15,
  "maxSourceModeGramOffDiagonalMagnitude": 4.038636537530184E-15,
  "sourceModeOrthonormalityPassed": true,
  "persistedResponseGram": {
    "construction": "Q_ab = Re Tr(G_a^dagger G_b)",