{
  "fermionBackgroundId": "bg-phase12-bg-b-20260315212202",
  "selectedSourceModeCount": 12,
  "expectedSelectedSourceModeCount": 12,
  "variationIds": [
    "variation-bg-phase12-bg-b-20260315212202-candidate-0",
    "variation-bg-phase12-bg-b-20260315212202-candidate-1",
    "variation-bg-phase12-bg-b-20260315212202-candidate-10",
    "variation-bg-phase12-bg-b-20260315212202-candidate-11",
    "variation-bg-phase12-bg-b-20260315212202-candidate-2",
    "variation-bg-phase12-bg-b-20260315212202-candidate-3",
    "variation-bg-phase12-bg-b-20260315212202-candidate-4",
    "variation-bg-phase12-bg-b-20260315212202-candidate-5",
    "variation-bg-phase12-bg-b-20260315212202-candidate-6",
    "variation-bg-phase12-bg-b-20260315212202-candidate-7",
    "variation-bg-phase12-bg-b-20260315212202-candidate-8",
    "variation-bg-phase12-bg-b-20260315212202-candidate-9"
  ],
  "bosonModeIds": [
    "bg-phase12-bg-b-20260315212202-mode-3",
    "bg-phase12-bg-b-20260315212202-mode-2",
    "bg-phase12-bg-b-20260315212202-mode-6",
    "bg-phase12-bg-b-20260315212202-mode-7",
    "bg-phase12-bg-b-20260315212202-mode-0",
    "bg-phase12-bg-b-20260315212202-mode-1",
    "bg-phase12-bg-b-20260315212202-mode-4",
    "bg-phase12-bg-b-20260315212202-mode-11",
    "bg-phase12-bg-b-20260315212202-mode-10",
    "bg-phase12-bg-b-20260315212202-mode-5",
    "bg-phase12-bg-b-20260315212202-mode-9",
    "bg-phase12-bg-b-20260315212202-mode-8"
  ],
  "connectionVectorLength": 156,
  "expectedConnectionVectorLength": 156,
  "sourceModeGram": [
    [
      1.0000000000000004,
      1.5924758194699188E-15,
      -5.490399658894168E-16,
      -5.192011438973451E-16,
      -1.0755296221378184E-15,
      6.304158846688046E-16,
      -9.079991007951374E-16,
      2.662798311194321E-15,
      -2.7101675771049467E-16,
      1.812787845171612E-15,
      -3.411457741520408E-16,
      -1.3652290369963814E-15
    ],
    [
      1.5924758194699188E-15,
      0.9999999999999999,
      1.9947146777662117E-15,
      9.401860912215195E-16,
      1.9567827896296457E-15,
      9.642789659162875E-16,
      -9.011841603155136E-16,
      5.290994692476923E-16,
      6.939080929791132E-16,
      -1.8058750943378236E-15,
      2.185800663599441E-16,
      -1.8457459692486912E-15
    ],
    [
      -5.490399658894168E-16,
      1.9947146777662117E-15,
      0.9999999999999997,
      1.2705795601432154E-15,
      -1.5330759284290875E-16,
      -9.939716635566628E-16,
      -2.0049613460564637E-15,
      1.018057441399531E-16,
      -7.980828372836105E-16,
      -1.4646460468904517E-15,
      1.984848274270611E-15,
      -2.653367933685999E-15
    ],
    [
      -5.192011438973451E-16,
      9.401860912215195E-16,
      1.2705795601432154E-15,
      1,
      2.4102945537573886E-15,
      -9.041202870204141E-16,
      -1.4861081194550416E-16,
      -1.5639332543363899E-15,
      5.644035915535226E-17,
      -4.690478646265829E-16,
      1.6521300976917698E-15,
      -2.8696841180846782E-15
    ],
    [
      -1.0755296221378184E-15,
      1.9567827896296457E-15,
      -1.5330759284290875E-16,
      2.4102945537573886E-15,
      1,
      1.4753790142409796E-15,
      8.79518893130361E-16,
      2.8310953946420735E-15,
      7.303758238824136E-16,
      1.7338766863917418E-16,
      9.263566204327519E-16,
      -1.1405811978436616E-15
    ],
    [
      6.304158846688046E-16,
      9.642789659162875E-16,
      -9.939716635566628E-16,
      -9.041202870204141E-16,
      1.4753790142409796E-15,
      1.0000000000000004,
      -4.349441706189472E-16,
      7.37782075332956E-17,
      -2.5724921256502562E-15,
      -1.0007616111614615E-18,
      1.6293604596277738E-15,
      -3.822220270239363E-16
    ],
    [
      -9.079991007951374E-16,
      -9.011841603155136E-16,
      -2.0049613460564637E-15,
      -1.4861081194550416E-16,
      8.79518893130361E-16,
      -4.349441706189472E-16,
      1.0000000000000002,
      -8.825340249618299E-16,
      3.162880798282027E-17,
      8.224487474194143E-16,
      2.201619072112746E-16,
      -5.156487317210612E-16
    ],
    [
      2.662798311194321E-15,
      5.290994692476923E-16,
      1.018057441399531E-16,
      -1.5639332543363899E-15,
      2.8310953946420735E-15,
      7.37782075332956E-17,
      -8.825340249618299E-16,
      1.0000000000000004,
      9.281172109555369E-16,
      -9.008058778653015E-16,
      -1.4814540260638642E-15,
      -2.6194351044882397E-16
    ],
    [
      -2.7101675771049467E-16,
      6.939080929791132E-16,
      -7.980828372836105E-16,
      5.644035915535226E-17,
      7.303758238824136E-16,
      -2.5724921256502562E-15,
      3.162880798282027E-17,
      9.281172109555369E-16,
      0.9999999999999994,
      6.786025127051237E-16,
      -7.112644390876046E-16,
      -1.6341037403359816E-15
    ],
    [
      1.812787845171612E-15,
      -1.8058750943378236E-15,
      -1.4646460468904517E-15,
      -4.690478646265829E-16,
      1.7338766863917418E-16,
      -1.0007616111614615E-18,
      8.224487474194143E-16,
      -9.008058778653015E-16,
      6.786025127051237E-16,
      0.9999999999999997,
      2.0933493064953806E-15,
      -8.135843742364034E-16
    ],
    [
      -3.411457741520408E-16,
      2.185800663599441E-16,
      1.984848274270611E-15,
      1.6521300976917698E-15,
      9.263566204327519E-16,
      1.6293604596277738E-15,
      2.201619072112746E-16,
      -1.4814540260638642E-15,
      -7.112644390876046E-16,
      2.0933493064953806E-15,
      1.0000000000000002,
      -1.268092400012493E-15
    ],
    [
      -1.3652290369963814E-15,
      -1.8457459692486912E-15,
      -2.653367933685999E-15,
      -2.8696841180846782E-15,
      -1.1405811978436616E-15,
      -3.822220270239363E-16,
      -5.156487317210612E-16,
      -2.6194351044882397E-16,
      -1.6341037403359816E-15,
      -8.135843742364034E-16,
      -1.268092400012493E-15,
      1.0000000000000004
    ]
  ],
  "maxSourceModeGramDiagonalResidual": 5.551115123125783E-16,
  "maxSourceModeGramOffDiagonalMagnitude": 2.8696841180846782E-15,
  "sourceModeOrthonormalityPassed": true,
  "persistedResponseGram": {
    "construction": "Q_ab = Re Tr(G_a^dagger G_b)",