{
  "studyId": "phase5-su2-refinement-ladder",
  "levels": [
    {
      "levelId": "L0-2x2",
      "solverConverged": true,
      "quantities": {
        "residual-norm": 0.012960000000000001,
        "stationarity-norm": 0.0064800000000000005,
        "objective-value": 0.0032400000000000003,
        "gauge-violation": 0.00022,
        "solver-iterations": 20
      }
    },
    {
      "levelId": "L1-4x4",
      "solverConverged": true,
      "quantities": {
        "residual-norm": 0.012240000000000001,
        "stationarity-norm": 0.0061200000000000004,
        "objective-value": 0.0030600000000000002,
        "gauge-violation": 0.000205,
        "solver-iterations": 18.5
      }
    },
    {
      "levelId": "L2-8x8",
      "solverConverged": true,
      "quantities": {
        "residual-norm": 0.01206,
        "stationarity-norm": 0.00603,
        "objective-value": 0.003015,
        "gauge-violation": 0.00020125,
        "solver-iterations": 18.125
      }
    }
  ]
}